"45-02 Ditmars Boulevard, Apt. 322",3300,"2 Beds / 2 Baths / 1,251 Sq. Ft. / Condo",Astoria,Queens
"31-70 34th Street, Apt. 3D",2195,1 Bed / 1 Bath / Rental,Astoria,Queens
"25-20 42nd Street, Apt. 5B",1850,1 Bed / 1 Bath / Rental,Astoria,Queens
"3094 Crescent Street, Apt. 2E",2550,1 Bed / 1 Bath / Condo,Astoria,Queens
"32-02 34th Avenue, Apt. 2C",1875,1 Bed / 1 Bath / Rental,Astoria,Queens
"21-17 31st Avenue, Apt. 1C",2500,1 Bed / 1 Bath / Condo,Astoria,Queens
"19-19 24th Avenue, Apt. L402",2095,1 Bed / 1 Bath / 847 Sq. Ft. / Co-op,Astoria,Queens
"30-01 Newtown Avenue, Apt. 4F",2350,8 Units / 4 Floors / Multi-Family Townhouse,Astoria,Queens
"47-50 59th Street, Apt. 1-D",1750,1 Bed / 1 Bath / Rental,Woodside,Queens
"30-86 32nd Street, Apt. 6",1875,1 Bed / 1 Bath / Rental,Astoria,Queens
"32-06 Astoria Boulevard South, Ap...",2200,Studio / 1 Bath / Condo,Astoria,Queens
"19-19 24th Avenue, Apt. R302",2195,1 Bed / 1 Bath / Co-op,Astoria,Queens
"30-25 21st Street, Apt. 5C",2650,1 Bed / 1 Bath / 700 Sq. Ft. / Condo,Astoria,Queens
"23-25 31st Avenue, Apt. 5D",3600,2 Beds / 2 Baths / Condo,Astoria,Queens
"4-75 48th Avenue, Apt. 423",3300,1 Bed / 1 Bath / Rental,Long Island City,Queens
"42-08 Union Street, Apt. 3",2900,3 Beds / 3 Baths / Rental,Flushing,Queens
"42-08 Union Street, Apt. 2",2300,2 Beds / 2 Baths / Rental,Flushing,Queens
"18-11 Cornelia Street, Apt. 1L",2307,2 Beds / 1 Bath / Rental,Ridgewood,Queens
"17-07 Gates Avenue, Apt. 1R",2250,6 Units / 3 Floors / Multi-Family Townhouse,Ridgewood,Queens
"25-41 30th Road, Apt. 2B",1800,1 Bed / 1 Bath / Rental,Long Island City,Queens
"47-30 59th Street, Apt. 5C",2159,2 Beds / 1 Bath / Rental,Woodside,Queens
"31-50 33rd Street, Apt. 7A",2595,2 Beds / 1 Bath / Rental,Astoria,Queens
"45-02 Ditmars Boulevard, Apt. 427",2350,1 Bed / 1 Bath / 936 Sq. Ft. / Condo,Astoria,Queens
"4-74 48th Avenue, Apt. 29A",4875,"2 Beds / 1 Bath / 1,050 Sq. Ft. / Condo/Co-op",Long Island City,Queens
"24-15 Queens Plaza North, Apt. 9B",3000,1 Bed / 1 Bath / 700 Sq. Ft. / Condo,Long Island City,Queens
"19-19 24th Avenue, Apt. R116",2250,1 Bed / 1 Bath / 717 Sq. Ft. / Co-op,Astoria,Queens
"45-02 Ditmars Boulevard, Apt. 530",2550,1 Bed / 1 Bath / 796 Sq. Ft. / Condo,Astoria,Queens
"26-80 30th Street, Apt. 6N",1995,1 Bed / 1 Bath / Rental,Astoria,Queens
"34-06 32nd Street, Apt. 6C",2550,2 Beds / 1 Bath / Rental,Astoria,Queens
"62-72 81st Street, Apt. 2",2200,2 Beds / 1 Bath / Rental,Middle Village,Queens
"25-90 35th Street, Apt. 3L",1995,1 Bed / 1 Bath / Rental,Astoria,Queens
"11-51 47th Avenue, Apt. 10d",6000,3 Beds / 2 Baths / Condo,Long Island City,Queens
"3094 Crescent Street, Apt. 6D",2450,1 Bed / 1 Bath / 641 Sq. Ft. / Condo,Astoria,Queens
"67-14 73rd Place, Apt. 2",2399,3 Units / 3 Floors / Multi-Family Townhouse,Middle Village,Queens
"44-27 Purves Street, Apt. 8D",2950,1 Bed / 1 Bath / Condo,Long Island City,Queens
"1708 Woodbine Street, Apt. 1R",2063,6 Units / 3 Floors / Multi-Family Townhouse,Ridgewood,Queens
"60-64 68th Avenue, Apt. 2",2595,2 Units / 2 Floors / Multi-Family Townhouse,Ridgewood,Queens
"31-70 34th Street, Apt. 4-B",2100,1 Bed / 1 Bath / Rental,Astoria,Queens
"13-33 Jackson Avenue, Apt. 10D",6500,3 Beds / 2 Baths / Condo,Long Island City,Queens
"41-13 31st Avenue, Apt. 2",2750,2 Units / 3 Floors / Multi-Family Townhouse,Astoria,Queens
"45-02 Ditmars Boulevard, Apt. 209",2995,"2 Beds / 2 Baths / 1,169 Sq. Ft. / Condo",Astoria,Queens
"21-05 33rd Street, Apt. 5D",2300,2 Beds / 1 Bath / Condo/Co-op,Astoria,Queens
"69-03 173rd Street, Apt. 2",1800,3 Units / 2 Floors / House,Fresh Meadows,Queens
"4516 Center Boulevard, Apt. 3601",3200,1 Bed / 1 Bath / Rental,Long Island City,Queens
"50-01 Metropolitan Avenue, Apt. 201",2400,26 Units / 4 Floors / 880 Sq. Ft. / Townhouse,Ridgewood,Queens
"175-25 74th Avenue, Apt. A",3200,"2 Floors / 1,400 Sq. Ft. / Multi-Family Townhouse",Fresh Meadows,Queens
"175-25 74th Avenue, Apt. B",2500,2 Floors / 880 Sq. Ft. / Multi-Family Townhouse,Fresh Meadows,Queens
"50-01 Metropolitan Avenue, Apt. 2",3800,"26 Units / 4 Floors / 1,950 Sq. Ft. / Townhouse",Ridgewood,Queens
"50-01 Metropolitan Avenue, Apt. 306",2150,26 Units / 4 Floors / 905 Sq. Ft. / Townhouse,Ridgewood,Queens
"21-25 44th Ave, Apt. 404-1",2500,4 Floors / 400 Sq. Ft. / Townhouse,Long Island City,Queens
"11-11 44th Road, Apt. 304",3100,4 Floors / 700 Sq. Ft. / Townhouse,Long Island City,Queens
"4545 Center Boulevard, Apt. 508",2900,1 Bed / 1 Bath / Rental,Long Island City,Queens
81st Street,2015,1 Bed / 1 Bath / Rental,Jackson Heights,Queens
"41-06 52nd Street, Apt. 3-C",1750,1 Bed / 1 Bath / Rental,Woodside,Queens
49th Avenue,5700,"2 Beds / 2 Baths / 1,389 Sq. Ft. / Condo",Long Island City,Queens
21st Avenue,1900,1 Bed / 1 Bath / 650 Sq. Ft. / Rental,Astoria,Queens
Center Boulevard,7300,"3 Beds / 3 Baths / 1,653 Sq. Ft. / Condo",Long Island City,Queens
37th Street,1900,1 Bed / 1 Bath / Rental,Astoria,Queens
"31-43 Vernon Boulevard, Apt. 609",2979,1 Bed / 1 Bath / 720 Sq. Ft. / Rental,Astoria,Queens
"30-16 34th Street, Apt. 3A",3000,"4 Beds / 1 Bath / 1,000 Sq. Ft. / House",Astoria,Queens
"28-25 33rd Street, Apt. B-8",1800,1 Bed / 1 Bath / 700 Sq. Ft. / Rental,Astoria,Queens
50th Avenue,7000,"2 Beds / 2 Baths / 1,596 Sq. Ft. / Condo",Long Island City,Queens
"44-72 11th Street, Apt. A-505",3195,1 Bed / 1 Bath / Rental,Long Island City,Queens
"43-09 47th Avenue, Apt. 1M",2703,2 Beds / 1 Bath / Rental,Sunnyside,Queens
"32-65 45th Street, Apt. 3",2200,2 Beds / 1 Bath / 800 Sq. Ft. / House,Astoria,Queens
"42-12 28th Street, Apt. 55-A",5000,2 Beds / 2 Baths / 950 Sq. Ft. / Rental,Long Island City,Queens
"23-01 42nd Road, Apt. 38-K",3850,1 Bed / 1 Bath / Rental,Long Island City,Queens
"37-02 31st Avenue, Apt. 1R",2100,1 Bed / 1 Bath / Rental,Astoria,Queens
"30-89 38th Street, Apt. 1-W",2850,1 Bed / 1 Bath / 750 Sq. Ft. / Rental,Astoria,Queens
"30-74 32nd Street, Apt. 23",1700,1 Bed / 1 Bath / 650 Sq. Ft. / Rental,Astoria,Queens
"48-15 11th Street, Apt. 4E",4875,"2 Beds / 2 Baths / 1,313 Sq. Ft. / Condo",Long Island City,Queens
"37-14 36th Street, Apt. 8F",2284,Studio / 1 Bath / Rental,Astoria,Queens
"41-26 27th Street, Apt. 2B",2400,Studio / 1 Bath / 505 Sq. Ft. / Condo,Long Island City,Queens
"28-30 Jackson Avenue, Apt. 18-C",3441,1 Bed / 1 Bath / Rental,Long Island City,Queens
"29-11 Queens Plaza North, Apt. D-128",2769,1 Bed / 1 Bath / Rental,Long Island City,Queens
"40-21 60th Street, Apt. 1",1750,1 Bed / 1 Bath / Rental,Woodside,Queens
"28-40 Jackson Avenue, Apt. 28-D",3918,1 Bed / 1 Bath / Rental,Long Island City,Queens
"31-43 Vernon Boulevard, Apt. 614",3002,1 Bed / 1 Bath / Rental,Astoria,Queens
"12-10 31ST Drive, Apt. 2",3800,"3 Beds / 1 Bath / 1,000 Sq. Ft. / Rental",Astoria,Queens
"30-11 34th Street, Apt. 4-E",1900,1 Bed / 1 Bath / 700 Sq. Ft. / Rental,Astoria,Queens
"28-05 42nd Street, Apt. 3-R",1875,1 Bed / 1 Bath / 850 Sq. Ft. / Rental,Astoria,Queens
"22-16 47th Street, Apt. 1",1750,1 Bed / 1 Bath / House,Astoria,Queens
"26-14 Jackson Avenue, Apt. 10C",2385,Studio / 1 Bath / Rental,Long Island City,Queens
"12-02 Astoria Boulevard, Apt. 2A",2450,1 Bed / 1 Bath / Rental,Astoria,Queens
"30-11 34th Street, Apt. 5-E",2400,"2 Beds / 1 Bath / 1,200 Sq. Ft. / Rental",Astoria,Queens
"46-09 11th Street, Apt. 5B",3050,1 Bed / 1 Bath / Rental,Long Island City,Queens
"23-22 30th Road, Apt. 12",2125,Studio / 1 Bath / 400 Sq. Ft. / Condo,Astoria,Queens
"25-27 18th Street, Apt. 2B",2250,1 Bed / 1 Bath / Rental,Astoria,Queens
"26-22 18th Street, Apt. 3R",2200,2 Beds / 1 Bath / Rental,Astoria,Queens
"44-27 Purves Street, Apt. 6E",2600,Studio / 1 Bath / 550 Sq. Ft. / Condo,Long Island City,Queens
"40-21 60th Street, Apt. 2",2650,3 Beds / 2 Baths / Rental,Woodside,Queens
"62-59 108th Street, Apt. 2-N",2200,"2 Beds / 1 Bath / 1,000 Sq. Ft. / Co-op",Forest Hills,Queens
"28-10 Jackson Avenue, Apt. 34-T",3360,1 Bed / 1 Bath / Rental,Long Island City,Queens
"22-16 47th Street, Apt. 3",2450,"2 Beds / 1 Bath / 1,100 Sq. Ft. / House",Astoria,Queens
Gothic Drive,2850,3 Beds / 1 Bath / Rental,Jamaica,Queens
"22-46 31st Street, Apt. 3C",1800,1 Bed / 1 Bath / Rental,Astoria,Queens
"41-40 40TH Street, Apt. A5",2500,2 Beds / 1 Bath / Rental,Sunnyside,Queens
"29-06 21st Avenue, Apt. 1J",2400,2 Beds / 1 Bath / 750 Sq. Ft. / Rental,Astoria,Queens
"22-73 41st Street, Apt. 13",2062,1 Bed / 1 Bath / Rental,Astoria,Queens
"28-30 Jackson Avenue, Apt. 20-D",4949,2 Beds / 2 Baths / Rental,Long Island City,Queens
"30-79 32nd Street, Apt. 4B",2300,1 Bed / 1 Bath / 650 Sq. Ft. / Condo,Astoria,Queens
"29-06 21st Avenue, Apt. 1i",2100,2 Beds / 1 Bath / 680 Sq. Ft. / Rental,Astoria,Queens
"29-10 Broadway, Apt. 5D",3999,2 Beds / 2 Baths / 840 Sq. Ft. / Rental,Astoria,Queens
"109-33 71st Road, Apt. 8-H",1650,Studio / 1 Bath / Condo,Forest Hills,Queens
"2323 31st Avenue, Apt. 2-M",2125,Studio / 1 Bath / 400 Sq. Ft. / Condo,Astoria,Queens
"26-25 28th Street, Apt. 1D",2725,1 Bed / 1 Bath / 665 Sq. Ft. / Rental,Astoria,Queens
Crescent Street,3941,2 Beds / 2 Baths / 925 Sq. Ft. / Condo,Astoria,Queens
"11-15 Broadway, Apt. 4-H",2995,1 Bed / 1 Bath / 760 Sq. Ft. / Rental,Astoria,Queens
"30-50 21st Street, Apt. 5-C",2755,1 Bed / 1 Bath / Rental,Astoria,Queens
"28-30 Jackson Avenue, Apt. 6-F",2959,Studio / 1 Bath / Rental,Long Island City,Queens
"109-33 71st Road, Apt. 3-E",1750,Studio / 1 Bath / Condo,Forest Hills,Queens
"26-25 28th Street, Apt. 1C",2315,Studio / 1 Bath / 500 Sq. Ft. / Rental,Astoria,Queens
"21-16 35th Street, Apt. 3-B",2400,2 Beds / 1 Bath / Condo/Co-op,Astoria,Queens
"4545 Center Boulevard, Apt. 303",2695,Studio / 1 Bath / 535 Sq. Ft. / Rental,Long Island City,Queens
"105-21 66th Avenue, Apt. 5D",2400,2 Beds / 1 Bath / Co-op,Forest Hills,Queens
"43-23 40th Street, Apt. 5J",2150,1 Bed / 1 Bath / Rental,Sunnyside,Queens
Gothic Drive,3200,4 Beds / 2 Baths / Rental,Jamaica,Queens
"30-44 32nd Street, Apt. A-2",2613,2 Beds / 1 Bath / 700 Sq. Ft. / Rental,Astoria,Queens
"41-22 24th Street, Apt. 7H",2447,Studio / 1 Bath / Rental,Long Island City,Queens
"28-30 Jackson Avenue, Apt. 15-D",4771,2 Beds / 2 Baths / Rental,Long Island City,Queens
"34-04 34th Avenue, Apt. B-11",3575,3 Beds / 1 Bath,Astoria,Queens
"34-04 34th Avenue, Apt. A-33",2567,2 Beds / 1 Bath,Astoria,Queens
"31-57 31st Street, Apt. 209",4395,2 Beds / 2 Baths / Rental,Astoria,Queens
"48-19 Vernon Boulevard, Apt. 2B",2500,1 Bed / 1 Bath / Rental,Long Island City,Queens
35th Street,2200,1 Bed / 1 Bath / Rental,Astoria,Queens
"35-24 78th Street, Apt. B64",2750,"2 Beds / 1 Bath / 1,200 Sq. Ft. / Co-op",Jackson Heights,Queens
"29-10 Broadway, Apt. 5-D6",3999,2 Beds / 2 Baths / Rental,Astoria,Queens
"28-30 Jackson Avenue, Apt. 10-H",3340,1 Bed / 1 Bath / Rental,Long Island City,Queens
"58-19 60th Place, Apt. 2",2100,1 Bed / 2 Baths / House,Woodside,Queens
"42-51 Hunter Street, Apt. 2D",4500,"2 Beds / 2 Baths / 1,210 Sq. Ft. / Condo",Long Island City,Queens
"4610 Center Boulevard, Apt. 2404",2600,Studio / 1 Bath / Rental,Long Island City,Queens
"40-28 College Pt Boulevard, Apt. 915",2700,"1 Bed / 1 Bath / 1,136 Sq. Ft. / Condo/Co-op",Flushing,Queens
"21-57 33rd Street, Apt. 5-H",2195,2 Beds / 1 Bath / Co-op,Astoria,Queens
"43-25 Hunter Street, Apt. PH-34E",2923,1 Bed / 1 Bath / Rental,Long Island City,Queens
"28-10 Jackson Avenue, Apt. 14-T",3470,1 Bed / 1 Bath / Rental,Long Island City,Queens
Dalny Road,1695,Studio / 1 Bath / Rental,Jamaica,Queens
"38-53 12th Street, Apt. 2",2750,2 Beds / 2 Baths / 875 Sq. Ft. / Rental,Long Island City,Queens
"41-18 Crescent Street, Apt. 10-J",3575,2 Beds / 1 Bath / Rental,Long Island City,Queens
"44-28 Purves Street, Apt. 5-J",2755,Studio / 1 Bath / Rental,Long Island City,Queens
"40-26 College Pt Boulevard, Apt. 10A",2300,"1 Bed / 1 Bath / 1,029 Sq. Ft. / Condo/Co-op",Flushing,Queens
"41-18 Crescent Street, Apt. 9-J",3575,2 Beds / 1 Bath / Rental,Long Island City,Queens
"47-37 45th Street, Apt. 5K",1790,1 Bed / 1 Bath / 670 Sq. Ft. / Co-op,Woodside,Queens
47TH Road,4200,"2 Beds / 1 Bath / 1,200 Sq. Ft. / Condo/Co-op",Long Island City,Queens
"29-06 21st Avenue, Apt. 4H",1900,1 Bed / 1 Bath / 650 Sq. Ft. / Rental,Astoria,Queens
73rd Street,2295,1 Bed / 1 Bath / Co-op,Jackson Heights,Queens
31st Avenue,4200,"3 Beds / 2 Baths / 2,000 Sq. Ft. / Rental",Astoria,Queens
"1715 Bleecker Street, Apt. 1-R",2100,2 Beds / 1 Bath / Rental,Ridgewood,Queens
"31-57 31st Street, Apt. PHJ",4499,2 Beds / 2 Baths / Rental,Astoria,Queens
"46-30 Center Boulevard, Apt. PH3",6250,"2 Beds / 3 Baths / 1,499 Sq. Ft. / Condo",Long Island City,Queens
47TH Road,4200,"2 Beds / 1 Bath / 1,200 Sq. Ft. / Condo/Co-op",Long Island City,Queens
33rd Street,2600,1 Bed / 1 Bath / 510 Sq. Ft. / Condo,Astoria,Queens
"46-09 11th Street, Apt. 6D",4140,2 Beds / 2 Baths / Rental,Long Island City,Queens
"31-14 35th Street, Apt. 4A",1900,1 Bed / 1 Bath / Rental,Astoria,Queens
"29-08 31st Avenue, Apt. E-14",3100,3 Beds / 1 Bath / Rental,Astoria,Queens
"112-01 Queens Boulevard, Apt. 9G",3900,"2 Beds / 2 Baths / 1,175 Sq. Ft. / Condo",Forest Hills,Queens
"37-14 36th Street, Apt. 11D",4085,2 Beds / 2 Baths / Rental,Astoria,Queens
"11-15 Broadway, Apt. 5-K",2410,1 Bed / 1 Bath / Rental,Astoria,Queens
"41-58 74th Street, Apt. 1",1700,1 Bed / 1 Bath / 550 Sq. Ft. / Rental,Jackson Heights,Queens
"31-57 31st Street, Apt. 6211",2425,Studio / 1 Bath / Rental,Astoria,Queens
"30-44 32nd Street, Apt. B-4",3369,3 Beds / 1 Bath / Rental,Astoria,Queens
"30-44 32nd Street, Apt. B-1",2686,3 Beds / 1 Bath / Rental,Astoria,Queens
"31-57 31st Street, Apt. 4022",2399,Studio / 1 Bath / Rental,Astoria,Queens
"14-43 28th Avenue, Apt. 5B",1750,Studio / 1 Bath / 400 Sq. Ft. / Condo,Astoria,Queens
"25-16 Crescent Street, Apt. 1",3800,"3 Beds / 2 Baths / 1,000 Sq. Ft. / House",Astoria,Queens
"31-57 31st Street, Apt. PH-B",4075,2 Beds / 2 Baths / Rental,Astoria,Queens
"21-12 33rd Avenue, Apt. 2",3300,3 Beds / 2 Baths / Rental,Astoria,Queens
11-07 Welling Court,3300,1 Bed / 1 Bath / Rental,Astoria,Queens
35th Street,2400,2 Beds / 1 Bath / Condo/Co-op,Astoria,Queens
11-07 Welling Court,2933,1 Bed / 1 Bath / Rental,Astoria,Queens
35th Street,2400,2 Beds / 1 Bath / Condo/Co-op,Astoria,Queens
Broadway,4000,"3 Beds / 1 Bath / 1,500 Sq. Ft. / Mixed Use Townhouse",Astoria,Queens
"28-30 Jackson Avenue, Apt. 8-F",2929,Studio / 1 Bath / Rental,Long Island City,Queens
"2-40 51st Avenue, Apt. 4B",3600,"1 Bed / 1 Bath / 1,200 Sq. Ft. / Condo",Long Island City,Queens
"40-07 73rd Street, Apt. 4",2566,2 Beds / 2 Baths / 825 Sq. Ft. / Rental,Jackson Heights,Queens
"5-11 47th Avenue, Apt. PH-D",3259,Studio / 1 Bath / Rental,Long Island City,Queens
"34-09 83rd Street, Apt. D42",2000,40 Units / 4 Floors / 735 Sq. Ft. / Multi-Family Townhouse,Jackson Heights,Queens
"43-23 40th Street, Apt. 4F",2000,1 Bed / 1 Bath / Rental,Sunnyside,Queens
"43-08 40th Street, Apt. 1H",1850,Studio / 1 Bath / 400 Sq. Ft. / Rental,Sunnyside,Queens
"31-72 31st Street, Apt. 4A",2150,1 Bed / 1 Bath / Rental,Astoria,Queens
"73-12 35th Avenue, Apt. C-56",2595,1 Bed / 1 Bath / 800 Sq. Ft. / Co-op,Jackson Heights,Queens
"35-16 34th Street, Apt. 6A",1855,Studio / 1 Bath / Rental,Astoria,Queens
27th Avenue,2360,1 Bed / 1 Bath / 762 Sq. Ft. / Rental,Astoria,Queens
31st Avenue,1450,1 Bed / 1 Bath / Rental,Jackson Heights,Queens
33rd Street,3995,1 Bed / 1 Bath / 885 Sq. Ft. / Condo,Astoria,Queens
"40-07 73rd Street, Apt. 6D",4400,2 Beds / 2 Baths / 812 Sq. Ft. / Rental,Jackson Heights,Queens
44th Street,2750,2 Beds / 1 Bath / Rental,Astoria,Queens
"21-17 22ND Road, Apt. 2",2550,3 Beds / 1 Bath / Rental,Astoria,Queens
"33-53 82nd Street, Apt. E210",3000,3 Beds / 1 Bath / 980 Sq. Ft. / Rental,Jackson Heights,Queens
"1625 Putnam Avenue, Apt. 5-H",2750,3 Beds / 1 Bath / Rental,Ridgewood,Queens
33-58 14th Street,2950,3 Beds / 1 Bath / House,Astoria,Queens
"42-22 Ketcham Street, Apt. F8",2800,3 Beds / 2 Baths / Co-op,Elmhurst,Queens
"41-26 27th Street, Apt. 2F",2500,1 Bed / 1 Bath / 732 Sq. Ft. / Condo,Long Island City,Queens
"1738 Harman Street, Apt. 1R",2700,1 Bed / 1 Bath / Rental,Ridgewood,Queens
"41-22 24th Street, Apt. 9C",3812,2 Beds / 2 Baths / Rental,Long Island City,Queens
"474 48th Avenue, Apt. 34G",2900,1 Bed / 1 Bath / Condo,Long Island City,Queens
48th Avenue,4800,"2 Beds / 2 Baths / 1,150 Sq. Ft. / Condo",Long Island City,Queens
84th Street,1700,2 Beds / 1 Bath / 650 Sq. Ft. / Rental,East Elmhurst,Queens
"47-55 39th Place, Apt. 4B",2100,1 Bed / 1 Bath / 875 Sq. Ft. / Condo,Sunnyside,Queens
"41-18 Crescent Street, Apt. 9-B",3300,1 Bed / 1 Bath / Rental,Long Island City,Queens
Crescent Street,4200,"2 Beds / 2 Baths / 1,088 Sq. Ft. / Condo",Long Island City,Queens
"37-14 36th Street, Apt. 11E",4329,2 Beds / 2 Baths / Rental,Astoria,Queens
"20-42 STEINWAY Street, Apt. 1A",3200,"3 Beds / 1 Bath / 1,200 Sq. Ft. / Rental",Astoria,Queens
"64-09 102nd Street, Apt. THREE",2200,"2 Beds / 1 Bath / 1,100 Sq. Ft. / Rental",Forest Hills,Queens
"36-08 30th Avenue, Apt. 2R",1900,1 Bed / 1 Bath / 601 Sq. Ft. / Rental,Astoria,Queens
"25-10 38th Avenue, Apt. 4A",2290,Studio / 1 Bath / Rental,Long Island City,Queens
"48-16 46th Street, Apt. C-3",1750,1 Bed / 1 Bath / Rental,Woodside,Queens
"143-40 41st Avenue, Apt. 2",1790,1 Bed / 1 Bath / Rental,Flushing,Queens
"1736 HARMAN Street, Apt. 4",2700,2 Beds / 1 Bath / Rental,Ridgewood,Queens
"41-26 73rd Street, Apt. D43",2000,59 Units / 4 Floors / Multi-Family Townhouse,Woodside,Queens
Crescent Street,2300,"4 Units / 3 Floors / 1,000 Sq. Ft. / Multi-Family Townhouse",Astoria,Queens
"37-37 88th Street, Apt. F9",2100,1 Bed / 1 Bath / 800 Sq. Ft. / Rental,Jackson Heights,Queens
"32-42 33rd Street, Apt. F9",2175,1 Bed / 1 Bath / Rental,Astoria,Queens
"28-40 Jackson Avenue, Apt. 25-H",3695,1 Bed / 1 Bath / Rental,Long Island City,Queens
"43-09 47th Avenue, Apt. 5L",1950,Studio / 1 Bath / Rental,Sunnyside,Queens
"28-40 Jackson Avenue, Apt. 22-L",3746,1 Bed / 1 Bath / Rental,Long Island City,Queens
"65-15 Yellowstone Boulevard, Apt. 3D",1675,1 Bed / 1 Bath / Co-op,Forest Hills,Queens
"41-30 46th Street, Apt. 1B",2200,1 Bed / 1 Bath / Co-op,Sunnyside,Queens
CRESCENT Street,4500,"2 Beds / 2 Baths / 1,191 Sq. Ft. / Condo/Co-op",Long Island City,Queens
"20-20 23rd Street, Apt. 2",2550,2 Floors / Multi-Family Townhouse,Astoria,Queens
28th Avenue,1950,2 Beds / 1 Bath / Rental,Astoria,Queens
"28-30 Jackson Avenue, Apt. PH-2A",3583,1 Bed / 1 Bath / Rental,Long Island City,Queens
Astoria Boulevard,2099,Studio / 1 Bath / 482 Sq. Ft. / Condo,Astoria,Queens
"25-21 43rd Avenue, Apt. 410",3200,1 Bed / 1 Bath / 700 Sq. Ft. / Condo/Co-op,Long Island City,Queens
"32-37 47th Street, Apt. 2",2700,"2 Beds / 1 Bath / 1,000 Sq. Ft. / Rental",Astoria,Queens
Hunter Street,4308,"2 Beds / 2 Baths / 1,285 Sq. Ft. / Condo",Long Island City,Queens
"30-85 Vernon Boulevard, Apt. 5A",3300,2 Beds / 1 Bath / Condo,Astoria,Queens
Yellowstone Boulevard,2400,1 Bed / 1 Bath / Rental,Forest Hills,Queens
"18-10 Astoria Park South, Apt. 2",2875,3 Beds / 1 Bath / House,Astoria,Queens
"41-26 27th Street, Apt. 6F",2500,1 Bed / 1 Bath / Condo,Long Island City,Queens
"31-57 31st Street, Apt. PHA",2699,Studio / 1 Bath / Rental,Astoria,Queens
"28-30 Jackson Avenue, Apt. 38-H",3756,1 Bed / 1 Bath / Rental,Long Island City,Queens
68th Avenue,3199,2 Beds / 2 Baths / Rental,Forest Hills,Queens
Skillman Avenue,2600,2 Beds / 1 Bath / Rental,Woodside,Queens
JACKSON Avenue,2700,1 Bed / 1 Bath / Condo/Co-op,Long Island City,Queens
"42-15 Crescent Street, Apt. 5K",3200,1 Bed / 1 Bath / 600 Sq. Ft. / Rental,Long Island City,Queens
Center Boulevard,7100,"3 Beds / 3 Baths / 1,653 Sq. Ft. / Condo",Long Island City,Queens
35-33 34th Street,3200,3 Beds / 1 Bath / House,Astoria,Queens
"34-04 34th Avenue, Apt. B-1",3575,4 Beds / 1 Bath / Rental,Astoria,Queens
69th Street,2100,2 Beds / 1 Bath / 750 Sq. Ft. / Rental,Woodside,Queens
60-68 Putnam Avenue,3400,4 Beds / 2 Baths / House,Ridgewood,Queens
33rd Street,2650,2 Beds / 1 Bath / Rental,Astoria,Queens
38th Street,2000,1 Bed / 1 Bath / 650 Sq. Ft. / Rental,Astoria,Queens
29th Street,2350,1 Bed / 1 Bath / Rental,Astoria,Queens
29th Street,1725,Studio / 1 Bath / Rental,Astoria,Queens
29th Street,2275,1 Bed / 1 Bath / Rental,Astoria,Queens
"44-72 11th Street, Apt. A-401",3175,1 Bed / 1 Bath / Rental,Long Island City,Queens
28th Avenue,2295,2 Beds / 1 Bath / Condo,Astoria,Queens
"25-40 32nd Street, Apt. 2",2850,3 Beds / 1 Bath / House,Astoria,Queens
31st Drive,1950,1 Bed / 1 Bath / Rental,Astoria,Queens
"14-05 31st Avenue, Apt. 4A",1800,1 Bed / 1 Bath / 520 Sq. Ft. / Rental,Astoria,Queens
24th Street,3196,1 Bed / 1 Bath / Rental,Long Island City,Queens
"42-37 27th Street, Apt. 8A",2595,Studio / 1 Bath / 580 Sq. Ft. / Condo,Long Island City,Queens
"25-21 43rd Avenue, Apt. 206",3200,1 Bed / 1 Bath / 740 Sq. Ft. / Condo/Co-op,Long Island City,Queens
12th Street,3000,2 Beds / 2 Baths / 850 Sq. Ft. / Rental,Long Island City,Queens
"1885 DeKalb Avenue, Apt. 2",2000,2 Units / 3 Floors / Multi-Family Townhouse,Ridgewood,Queens
44th Street,3350,3 Beds / 1 Bath / Rental,Astoria,Queens
47th Avenue,3250,1 Bed / 1 Bath / 598 Sq. Ft. / Rental,Long Island City,Queens
"5-11 47th Avenue, Apt. 6Y",2885,Studio / 1 Bath / 532 Sq. Ft. / Rental,Long Island City,Queens
"155-01 90th Avenue, Apt. M",1600,Studio / 1 Bath / 650 Sq. Ft. / Co-op,Jamaica,Queens
42nd Road,2365,Studio / 1 Bath / Condo,Long Island City,Queens
27th Street,2300,1 Bed / 1 Bath / 555 Sq. Ft. / Rental,Astoria,Queens
27th Street,2800,2 Beds / 1 Bath / 737 Sq. Ft. / Rental,Astoria,Queens
"41-22 24th Street, Apt. 6G",3146,1 Bed / 1 Bath / Rental,Long Island City,Queens
"5-09 48th Avenue, Apt. 7B",3850,1 Bed / 1 Bath / 775 Sq. Ft. / Condo,Long Island City,Queens
41st Street,3300,3 Beds / 1 Bath / House,Sunnyside,Queens
23rd Street,2250,Studio / 1 Bath / Rental,Astoria,Queens
"156-21 79TH Street, Apt. 2",1800,2 Beds / 1 Bath / 750 Sq. Ft. / Rental,Howard Beach,Queens
"40-28 College Pt Boulevard, Apt. 806",3100,"2 Beds / 2 Baths / 1,417 Sq. Ft. / Condo/Co-op",Flushing,Queens
75TH Street,2000,2 Beds / 1 Bath / Co-op,Jackson Heights,Queens
Crescent Street,1975,1 Bed / 1 Bath / Rental,Astoria,Queens
"22-22 Jackson Avenue, Apt. 814",3133,1 Bed / 1 Bath / Rental,Long Island City,Queens
"44-28 Purves Street, Apt. 1PD",4590,2 Beds / 2 Baths / Rental,Long Island City,Queens
"28-10 Jackson Avenue, Apt. 39-S",5202,2 Beds / 1 Bath / Rental,Long Island City,Queens
"31-43 Vernon Boulevard, Apt. 802",4721,2 Beds / 2 Baths / 989 Sq. Ft. / Rental,Astoria,Queens
"33-53 82nd Street, Apt. 120",2800,2 Beds / 1 Bath / 900 Sq. Ft. / Rental,Jackson Heights,Queens
"25-35 Astoria Boulevard, Apt. 2",2200,2 Beds / 1 Bath / Rental,Astoria,Queens
"40-11 25th Avenue, Apt. C-11",2050,2 Beds / 1 Bath / Rental,Astoria,Queens
21st Avenue,2400,1 Bed / 1 Bath / 600 Sq. Ft. / Condo,Astoria,Queens
23rd Street,2000,1 Bed / 1 Bath / 700 Sq. Ft. / House,Astoria,Queens
30th Avenue,1950,1 Bed / 1 Bath / Rental,Astoria,Queens
"77-16 25th Avenue, Apt. F2",2695,3 Beds / 1 Bath / Rental,Woodside,Queens
Center Boulevard,4615,2 Beds / 2 Baths / Rental,Long Island City,Queens
"88-29 54th Avenue, Apt. 3",2700,"3 Beds / 1 Bath / 1,200 Sq. Ft. / Rental",Elmhurst,Queens
Jackson Avenue,3295,1 Bed / 1 Bath / 661 Sq. Ft. / Condo,Long Island City,Queens
Madison Street,2900,3 Beds / 1 Bath / Rental,Ridgewood,Queens
"6049 Linden Street, Apt. 2",2500,2 Beds / 1 Bath / Rental,Ridgewood,Queens
AUSTIN Street,2050,1 Bed / 1 Bath / Condo/Co-op,Forest Hills,Queens
"22-42 29TH Street, Apt. 1",3495,2 Beds / 2 Baths / Rental,Astoria,Queens
Skillman Avenue,2450,2 Beds / 1 Bath / Rental,Woodside,Queens
"41-22 24th Street, Apt. 7I1",3857,2 Beds / 1 Bath / Rental,Long Island City,Queens
"123-10 Ocean Promenade, Apt. 3H",1775,1 Bed / 1 Bath / Co-op,Belle Harbor,Queens
11th Street,3100,1 Bed / 1 Bath / Rental,Long Island City,Queens
CORONA Avenue,2600,"3 Beds / 1 Bath / 1,150 Sq. Ft. / Rental",Elmhurst,Queens
"43-07 31st Avenue, Apt. 1F",1900,Studio / 1 Bath / Rental,Astoria,Queens
Linden Street,1000,110 Sq. Ft. / Single Family Townhouse,Ridgewood,Queens
"43-10 44th Street, Apt. 5F",2100,1 Bed / 1 Bath / Co-op,Sunnyside,Queens
PETTIT Avenue,2800,"3 Beds / 2 Baths / 1,300 Sq. Ft. / Rental",Elmhurst,Queens
"28-30 Jackson Avenue, Apt. 51-F",3013,Studio / 1 Bath / Rental,Long Island City,Queens
"30-90 23rd Street, Apt. 1R",2150,1 Bed / 1 Bath / 750 Sq. Ft. / House,Astoria,Queens
73rd Street,2681,2 Beds / 2 Baths / 795 Sq. Ft. / Rental,Jackson Heights,Queens
38th Street,3400,3 Units / 3 Floors / Multi-Family Townhouse,Astoria,Queens
43rd Avenue,3200,1 Bed / 1 Bath / 778 Sq. Ft. / Condo,Long Island City,Queens
73rd Street,2475,1 Bed / 2 Baths / 785 Sq. Ft. / Rental,Jackson Heights,Queens
"28-30 Jackson Avenue, Apt. PH-4H",3958,1 Bed / 1 Bath / Rental,Long Island City,Queens
"30-90 23rd Street, Apt. 2R",2250,2 Beds / 1 Bath / 750 Sq. Ft. / House,Astoria,Queens
Northern Boulevard,3795,1 Bed / 1 Bath / 800 Sq. Ft. / Rental,Long Island City,Queens
"2-17 51st Avenue, Apt. 606",6995,"2 Beds / 3 Baths / 1,490 Sq. Ft. / Condo",Long Island City,Queens
77th Street,2395,2 Beds / 1 Bath / House,Jackson Heights,Queens
35th Street,2550,"2 Beds / 1 Bath / 1,200 Sq. Ft. / House",Astoria,Queens
39-42 58th Street,2395,2 Beds / 1 Bath / 700 Sq. Ft. / House,Woodside,Queens
27th Street,2450,Studio / 1 Bath / 531 Sq. Ft. / Condo,Long Island City,Queens
"30-11 21st Street, Apt. 6E",4000,"2 Beds / 2 Baths / 1,134 Sq. Ft. / Condo",Astoria,Queens
"11-02 49th Avenue, Apt. 8L",2950,1 Bed / 1 Bath / 718 Sq. Ft. / Condo,Long Island City,Queens
"31-23 47th Street, Apt. 1E",2050,1 Bed / 1 Bath / Rental,Astoria,Queens
5th Street,4975,"2 Beds / 2 Baths / 1,068 Sq. Ft. / Condo",Long Island City,Queens
40th Street,2900,"2 Beds / 1 Bath / 1,100 Sq. Ft. / Co-op",Sunnyside,Queens
38th Street,1810,1 Bed / 1 Bath / 602 Sq. Ft. / Rental,Astoria,Queens
45th Street,2795,900 Sq. Ft. / Multi-Family Townhouse,Sunnyside,Queens
41st Avenue,2450,1 Bed / 1 Bath / Condo,Long Island City,Queens
"28-10 Jackson Avenue, Apt. 40-B",3248,Studio / 1 Bath / Rental,Long Island City,Queens
33rd Street,3200,1 Bed / 1 Bath / 700 Sq. Ft. / Condo,Astoria,Queens
"64-26 65th Place, Apt. 1",1800,2 Beds / 1 Bath / Rental,Middle Village,Queens
Jackson Avenue,2350,Studio / 1 Bath / Rental,Long Island City,Queens
"50-22 40th Street, Apt. 5E",1795,1 Bed / 1 Bath / 700 Sq. Ft. / Co-op,Sunnyside,Queens
"28-10 Jackson Avenue, Apt. 28-K",3786,1 Bed / 1 Bath / Rental,Long Island City,Queens
"77-16 25th Avenue, Apt. 2L",2700,3 Beds / 1 Bath / Rental,Woodside,Queens
"25-40 Shore Boulevard, Apt. 21-N",4500,"2 Beds / 1 Bath / 1,500 Sq. Ft. / Condo",Astoria,Queens
"28-10 Jackson Avenue, Apt. 23-N",6496,3 Beds / 2 Baths / Rental,Long Island City,Queens
11th Street,4200,2 Beds / 1 Bath / Rental,Long Island City,Queens
"33-15 81st Street, Apt. 4J",1950,1 Bed / 1 Bath / 650 Sq. Ft. / Co-op,Jackson Heights,Queens
54th Street,2900,2 Beds / 1 Bath / Condo,Woodside,Queens
54th Street,3200,"3 Beds / 2 Baths / 1,100 Sq. Ft. / Condo",Woodside,Queens
"41-42 24th Street, Apt. 413",2599,1 Bed / 1 Bath / Rental,Long Island City,Queens
"1311 Jackson Avenue, Apt. 4C",2300,Studio / 1 Bath / 503 Sq. Ft. / Condo,Long Island City,Queens
23-27 27th Street,2500,3 Beds / 1 Bath / House,Astoria,Queens
Yellowstone Boulevard,1750,1 Bed / 1 Bath / Co-op,Forest Hills,Queens
Center Boulevard,4615,"2 Beds / 2 Baths / 1,000 Sq. Ft. / Co-op",Long Island City,Queens
"18-05 27th Avenue, Apt. 2A",3100,2 Beds / 2 Baths / 900 Sq. Ft. / Rental,Astoria,Queens
Hunter Street,4308,"2 Beds / 2 Baths / 1,293 Sq. Ft. / Condo",Long Island City,Queens
Madison Street,3000,3 Beds / 2 Baths / Rental,Ridgewood,Queens
27th Street,2450,1 Bed / 1 Bath / Rental,Astoria,Queens
43rd Street,1850,Studio / 1 Bath / Rental,Sunnyside,Queens
"27-28 Thomson Avenue, Apt. 332",3000,Studio / 1 Bath / 837 Sq. Ft. / Condo,Long Island City,Queens
39th Place,2200,1 Bed / 1 Bath / Rental,Sunnyside,Queens
"41-43 39th Place, Apt. BB677",2850,2 Beds / 1 Bath / Rental,Sunnyside,Queens
80th Street,2200,2 Beds / 1 Bath / 720 Sq. Ft. / Rental,Jackson Heights,Queens
"27-21 44th Drive, Apt. 1205",2650,Studio / 1 Bath / 464 Sq. Ft. / Condo,Long Island City,Queens
62nd Street,1600,1 Bed / 1 Bath / Rental,Woodside,Queens
94th Street,1895,1 Bed / 1 Bath / Rental,Jackson Heights,Queens
62nd Street,1698,1 Bed / 1 Bath / Rental,Woodside,Queens
28th Street,2399,Studio / 1 Bath / 650 Sq. Ft. / Rental,Astoria,Queens
31st Drive,2000,1 Bed / 1 Bath / Rental,Astoria,Queens
31st Street,1900,2 Beds / 1 Bath / House,Astoria,Queens
"5-11 47th Avenue, Apt. 12D",3235,Studio / 1 Bath / 552 Sq. Ft. / Rental,Long Island City,Queens
48th Avenue,3050,1 Bed / 1 Bath / 700 Sq. Ft. / Condo/Co-op,Long Island City,Queens
14th Street,2000,2 Beds / 1 Bath / Condo,Long Island City,Queens
"34-18 91st Street, Apt. D13",2124,1 Bed / 1 Bath / Rental,Jackson Heights,Queens
"25-35 18th Street, Apt. 2B",2450,1 Bed / 1 Bath / Rental,Astoria,Queens
"25-35 18th Street, Apt. 1A",2600,1 Bed / 1 Bath / Rental,Astoria,Queens
"25-35 18th Street, Apt. 2A",2450,1 Bed / 1 Bath / Rental,Astoria,Queens
"25-35 18th Street, Apt. 2D",2100,Studio / 1 Bath / Rental,Astoria,Queens
"25-35 18th Street, Apt. 2C",2500,1 Bed / 1 Bath / Rental,Astoria,Queens
HARMAN Street,2700,1 Bed / 1 Bath / Rental,Ridgewood,Queens
28TH Avenue,3300,4 Beds / 1 Bath / Condo/Co-op,Astoria,Queens
18th Street,3100,2 Beds / 1 Bath / 800 Sq. Ft. / Rental,Astoria,Queens
38th Avenue,2600,1 Bed / 1 Bath / Rental,Long Island City,Queens
NEGUNDO Avenue,2600,"3 Beds / 2 Baths / 1,200 Sq. Ft. / Condo/Co-op",Flushing,Queens
"25-40 Shore Boulevard, Apt. 19Q",2100,Studio / 1 Bath / 450 Sq. Ft. / Condo,Astoria,Queens
48th Street,3300,"3 Beds / 1 Bath / 1,596 Sq. Ft. / House",Woodside,Queens
48th Street,2275,2 Beds / 1 Bath / Rental,Astoria,Queens
47th Avenue,2300,1 Bed / 1 Bath / Co-op,Sunnyside,Queens
32nd Street,2856,2 Beds / 1 Bath / Rental,Astoria,Queens
"30-49 Crescent Street, Apt. H-1D6",2000,87 Units / 4 Floors / Multi-Family Townhouse,Astoria,Queens
31st Drive,2700,2 Beds / 1 Bath / House,Astoria,Queens
"112-01 Queens Boulevard, Apt. 14-F",2695,1 Bed / 1 Bath / Condo,Forest Hills,Queens
Broadway,2300,1 Bed / 1 Bath / Rental,Astoria,Queens
26-27 18th Street,2650,1 Bed / 1 Bath / House,Astoria,Queens
90th Street,1700,1 Bed / 1 Bath / Rental,Jackson Heights,Queens
Madison Street,2900,3 Beds / 1 Bath / Rental,Ridgewood,Queens
"34-47 90th Street, Apt. H42",2054,Studio / 1 Bath / Rental,Jackson Heights,Queens
31st Drive,2000,1 Bed / 1 Bath / Rental,Astoria,Queens
48th Avenue,3900,2 Beds / 1 Bath / 863 Sq. Ft. / Condo,Long Island City,Queens
47th Avenue,3271,1 Bed / 1 Bath / Rental,Long Island City,Queens
31st Avenue,2000,Studio / 1 Bath / Co-op,Astoria,Queens
46th Street,2795,"3 Beds / 1 Bath / 1,700 Sq. Ft. / Rental",Astoria,Queens
21st Avenue,1700,1 Bed / 1 Bath / 500 Sq. Ft. / Rental,Astoria,Queens
"6405 Yellowstone Boulevard, Apt....",2150,1 Bed / 1 Bath / 693 Sq. Ft. / Condo,Forest Hills,Queens
"22-22 Jackson Avenue, Apt. PH-12",6071,3 Beds / 2 Baths / Rental,Long Island City,Queens
31st Avenue,1800,Studio / 1 Bath / Condo,Astoria,Queens
108th Street,1895,1 Bed / 1 Bath / 950 Sq. Ft. / Co-op,Forest Hills,Queens
68TH Road,1700,1 Bed / 1 Bath / 700 Sq. Ft. / Rental,Middle Village,Queens
HARMAN Street,2400,1 Bed / 1 Bath / Rental,Ridgewood,Queens
25th Road,2550,1 Bed / 1 Bath / 650 Sq. Ft. / Rental,Astoria,Queens
"27-57 CRESCENT Street, Apt. 1B",2538,1 Bed / 1 Bath / Condo/Co-op,Astoria,Queens
108th Street,1450,Studio / 1 Bath / 400 Sq. Ft. / Co-op,Forest Hills,Queens
"22-38 47th Street, Apt. 3",2400,2 Beds / 1 Bath / 950 Sq. Ft. / Rental,Astoria,Queens
33rd Street,2100,39 Units / 4 Floors / Multi-Family Townhouse,Astoria,Queens
"46-30 Center Boulevard, Apt. 1502",5500,"2 Beds / 2 Baths / 1,159 Sq. Ft. / Condo",Long Island City,Queens
Exeter Street,1900,2 Beds / 1 Bath / 900 Sq. Ft. / House,Forest Hills,Queens
31st Avenue,2000,1 Bed / 1 Bath / Rental,Astoria,Queens
51ST Street,1850,Studio / 1 Bath / 407 Sq. Ft. / Co-op,Woodside,Queens
48-48 48th Street,2200,2 Beds / 1 Bath / House,Woodside,Queens
"41-30 49th Street, Apt. 2F",2450,2 Beds / 1 Bath / Rental,Sunnyside,Queens
"44-27 Purves Street, Apt. 14A",4700,"3 Beds / 2 Baths / 1,300 Sq. Ft. / Condo",Long Island City,Queens
Jackson Avenue,2538,Studio / 1 Bath / Rental,Long Island City,Queens
42nd Street,2400,2 Beds / 1 Bath / Rental,Long Island City,Queens
39th Street,2200,2 Beds / 1 Bath / Rental,Sunnyside,Queens
38th Street,1695,1 Bed / 1 Bath / 602 Sq. Ft. / Rental,Astoria,Queens
35th Street,3250,"3 Beds / 1 Bath / 1,200 Sq. Ft. / Rental",Astoria,Queens
48th Street,2000,1 Bed / 1 Bath / Condo,Astoria,Queens
28th Street,2215,Studio / 1 Bath / 500 Sq. Ft. / Rental,Astoria,Queens
28th Street,3100,1 Bed / 1 Bath / 701 Sq. Ft. / Rental,Astoria,Queens
42nd Street,3450,3 Beds / 1 Bath / House,Astoria,Queens
65th Avenue,1750,1 Bed / 1 Bath / Co-op,Forest Hills,Queens
28th Street,2860,1 Bed / 1 Bath / 663 Sq. Ft. / Rental,Long Island City,Queens
70th Avenue,2500,1 Bed / 1 Bath / 790 Sq. Ft. / Condo,Forest Hills,Queens
Metropolitan Avenue,2250,2 Beds / 1 Bath / 1 Sq. Ft. / Rental,Ridgewood,Queens
31st Avenue,2050,1 Bed / 1 Bath / 455 Sq. Ft. / Rental,Astoria,Queens
21st Street,2363,1 Bed / 1 Bath / Rental,Astoria,Queens
31st Avenue,2050,1 Bed / 1 Bath / 455 Sq. Ft. / Rental,Astoria,Queens
60th Street,2600,"3 Beds / 1 Bath / 1,000 Sq. Ft. / Rental",Ridgewood,Queens
82nd Street,2499,2 Beds / 1 Bath / 900 Sq. Ft. / Rental,Jackson Heights,Queens
"22-33 47th Street, Apt. 1",1800,1 Bed / 1 Bath / 600 Sq. Ft. / Rental,Astoria,Queens
"41-15 29th Street, Apt. 807",2350,Studio / 1 Bath / 600 Sq. Ft. / Rental,Astoria,Queens
"41-15 29th Street, Apt. 1207",2295,Studio / 1 Bath / Rental,Astoria,Queens
Jackson Avenue,4000,2 Beds / 2 Baths / Rental,Long Island City,Queens
27th Avenue,2399,1 Bed / 1 Bath / 704 Sq. Ft. / Rental,Astoria,Queens
11th Street,4095,2 Beds / 1 Bath / Rental,Long Island City,Queens
"44-72 11th Street, Apt. A-210",3950,2 Beds / 1 Bath / Rental,Long Island City,Queens
27th Street,3075,1 Bed / 1 Bath / Condo,Long Island City,Queens
38th Avenue,2300,2 Beds / 1 Bath / Condo,Woodside,Queens
27th Street,3100,1 Bed / 1 Bath / Condo,Long Island City,Queens
70th Avenue,2300,"3 Beds / 1 Bath / 1,150 Sq. Ft. / House",Ridgewood,Queens
"18-05 27th Avenue, Apt. PH",4100,3 Beds / 2 Baths / Rental,Astoria,Queens
"46-04 Vernon Boulevard, Apt. 5A",3400,1 Bed / 1 Bath / Rental,Long Island City,Queens
99th Street,2400,1 Bed / 1 Bath / 840 Sq. Ft. / Condo,Forest Hills,Queens
47th Street,2495,1 Bed / 1 Bath / 700 Sq. Ft. / Rental,Astoria,Queens
34th Street,2250,1 Bed / 1 Bath / 835 Sq. Ft. / Rental,Astoria,Queens
44th Drive,4250,2 Beds / 2 Baths / 992 Sq. Ft. / Condo,Long Island City,Queens
WOODWARD Avenue,1550,Studio / 1 Bath / Rental,Ridgewood,Queens
"25-45 Steinway Street, Apt. 3",2500,"3 Beds / 1 Bath / 1,100 Sq. Ft. / Rental",Astoria,Queens
Jackson Avenue,4000,2 Beds / 1 Bath / Condo,Long Island City,Queens
PURVES Street,4500,2 Beds / 2 Baths / Rental,Long Island City,Queens
39TH Street,1700,Studio / 1 Bath / Co-op,Long Island City,Queens
34TH Avenue,1700,1 Bed / 1 Bath / Co-op,Jackson Heights,Queens
Madison Street,3000,3 Beds / 1 Bath / Rental,Ridgewood,Queens
27th Street,3000,1 Bed / 1 Bath / Condo,Long Island City,Queens
27th Street,2950,1 Bed / 1 Bath / Condo,Long Island City,Queens
28th Avenue,2000,1 Bed / 1 Bath / Rental,Astoria,Queens
31ST Avenue,1950,1 Bed / 1 Bath / Co-op,Astoria,Queens
27th Street,3700,"2 Beds / 2 Baths / 1,033 Sq. Ft. / Condo",Long Island City,Queens
37th Street,1800,1 Bed / 1 Bath / Rental,Astoria,Queens
30th Street,2100,Studio / 1 Bath / 460 Sq. Ft. / Condo,Astoria,Queens
Crescent Street,2300,1 Bed / 1 Bath / Rental,Astoria,Queens
"23-69 38th Street, Apt. 2",3250,Multi-Family Townhouse,Astoria,Queens
"40-16 23rd Road, Apt. 1A",2500,2 Beds / 1 Bath / 900 Sq. Ft. / Rental,Astoria,Queens
"46-04 Vernon Boulevard, Apt. 5D",4500,2 Beds / 2 Baths / Rental,Long Island City,Queens
27th Avenue,1600,1 Bed / 1 Bath / House,Astoria,Queens
"61-33 65th Street, Apt. 1",2300,3 Beds / 2 Baths / Rental,Middle Village,Queens
"34-27 37th Street, Apt. 1L",2700,3 Beds / 1 Bath / Rental,Long Island City,Queens
SENECA Avenue,2600,3 Beds / 2 Baths / Rental,Ridgewood,Queens
ASTORIA Boulevard,2550,1 Bed / 1 Bath / Condo/Co-op,Astoria,Queens
EXETER Street,3200,"3 Beds / 1 Bath / 1,400 Sq. Ft. / Co-op",Forest Hills,Queens
Vernon Boulevard,3507,2 Beds / 2 Baths / 988 Sq. Ft. / Rental,Astoria,Queens
"49-01 43rd Avenue, Apt. 2",2500,2 Beds / 1 Bath / Rental,Woodside,Queens
Norman Street,2000,2 Units / 2 Floors / Multi-Family Townhouse,Ridgewood,Queens
"44-15 Purves Street, Apt. 10A",4900,2 Beds / 2 Baths / 965 Sq. Ft. / Condo,Long Island City,Queens
43rd Street,3300,"3 Beds / 2 Baths / 1,200 Sq. Ft. / House",Astoria,Queens
38th Street,2300,1 Bed / 1 Bath / 780 Sq. Ft. / Rental,Astoria,Queens
42nd Street,2750,"3 Beds / 1 Bath / 1,000 Sq. Ft. / Rental",Astoria,Queens
73rd Street,2795,2 Beds / 2 Baths / 825 Sq. Ft. / Rental,Jackson Heights,Queens
37th Street,1700,1 Bed / 1 Bath / 780 Sq. Ft. / House,Astoria,Queens
28th Avenue,2000,"1 Bed / 1 Bath / 6,285 Sq. Ft. / Rental",Astoria,Queens
18th Street,1799,1 Bed / 1 Bath / 610 Sq. Ft. / Rental,Astoria,Queens
"46-04 Vernon Boulevard, Apt. 7A",3000,1 Bed / 1 Bath / Rental,Long Island City,Queens
Jackson Avenue,2395,Studio / 1 Bath / Rental,Long Island City,Queens
College Point Boulevard,2500,2 Beds / 2 Baths / 900 Sq. Ft. / Rental,Flushing,Queens
28th Street,2700,1 Bed / 1 Bath / 705 Sq. Ft. / Rental,Astoria,Queens
38th Avenue,2600,"1 Bed / 1 Bath / 3,220 Sq. Ft. / Rental",Long Island City,Queens
69th Street,1800,1 Bed / 1 Bath / 650 Sq. Ft. / Rental,Woodside,Queens
Thomson Avenue,5350,"1 Bed / 2 Baths / 1,282 Sq. Ft. / Condo",Long Island City,Queens
"25-42 34th Street, Apt. 2A",2799,3 Beds / 1 Bath / Rental,Astoria,Queens
"25-24 38th Street, Apt. G1",1800,1 Bed / 1 Bath / 750 Sq. Ft. / Rental,Astoria,Queens
44th Drive,4550,"2 Beds / 2 Baths / 1,070 Sq. Ft. / Condo",Long Island City,Queens
39TH Avenue,3300,"2 Beds / 2 Baths / 1,079 Sq. Ft. / Condo/Co-op",Flushing,Queens
Hunter Street,4308,"2 Beds / 2 Baths / 1,285 Sq. Ft. / Condo",Long Island City,Queens
"46-04 Vernon Boulevard, Apt. 6A",3200,1 Bed / 1 Bath / Rental,Long Island City,Queens
"46-04 Vernon Boulevard, Apt. 4D",4150,2 Beds / 2 Baths / Rental,Long Island City,Queens
"30-11 21st Street, Apt. 2A",5500,"3 Beds / 2 Baths / 1,594 Sq. Ft. / Condo",Astoria,Queens
Myrtle Avenue,3700,4 Beds / 2 Baths / Rental,Ridgewood,Queens
66th Avenue,1650,1 Bed / 1 Bath / Co-op,Forest Hills,Queens
67th Road,1725,1 Bed / 1 Bath / Co-op,Forest Hills,Queens
43RD Avenue,2500,3 Beds / 1 Bath / Rental,Elmhurst,Queens
31st Avenue,2400,2 Beds / 1 Bath / Condo,Astoria,Queens
Jackson Avenue,9500,"4 Beds / 3 Baths / 1,822 Sq. Ft. / Condo",Long Island City,Queens
Jackson Avenue,3000,1 Bed / 1 Bath / 604 Sq. Ft. / Rental,Long Island City,Queens
"46-04 Vernon Boulevard, Apt. 4A",3200,1 Bed / 1 Bath / Rental,Long Island City,Queens
11th Street,2400,Studio / 1 Bath / Rental,Long Island City,Queens
69th Avenue,1700,1 Bed / 1 Bath / House,Ridgewood,Queens
Fairview Avenue,1800,1 Bed / 1 Bath / Rental,Ridgewood,Queens
49th Street,2300,2 Beds / 1 Bath / House,Astoria,Queens
Broadway,2800,2 Beds / 1 Bath / Rental,Astoria,Queens
47th Avenue,3495,1 Bed / 1 Bath / Rental,Long Island City,Queens
Steinway Street,2600,3 Beds / 2 Baths / Rental,Astoria,Queens
Crescent Street,2213,Studio / 1 Bath / Rental,Long Island City,Queens
32nd Street,2454,2 Beds / 1 Bath / Rental,Astoria,Queens
Onderdonk Avenue,2800,3 Beds / 1 Bath / Rental,Ridgewood,Queens
"46-04 Vernon Boulevard, Apt. 4B",3200,1 Bed / 1 Bath / Rental,Long Island City,Queens
Linden Street,3800,3 Beds / 1 Bath / Rental,Ridgewood,Queens
18-22 Linden Street,2995,"3 Beds / 2 Baths / 1,400 Sq. Ft. / House",Ridgewood,Queens
54th Street,3100,2 Beds / 1 Bath / Co-op,Woodside,Queens
39TH Avenue,2675,Studio / 1 Bath / Condo/Co-op,Long Island City,Queens
25th Road,1800,1 Bed / 1 Bath / 650 Sq. Ft. / Rental,Astoria,Queens
"30-76 43rd Street, Apt. 3",4000,"4 Beds / 1 Bath / 1,200 Sq. Ft. / Rental",Astoria,Queens
31st Avenue,3000,1 Bed / 1 Bath / 700 Sq. Ft. / Condo,Long Island City,Queens
"35-16 Astoria Boulevard, Apt. 6C",3600,2 Beds / 1 Bath / Rental,Astoria,Queens
"6066 69th Avenue, Apt. 1b",1850,1 Bed / 1 Bath / Rental,Ridgewood,Queens
"46-04 Vernon Boulevard, Apt. 2D",4100,2 Beds / 2 Baths / Rental,Long Island City,Queens
Jewel Avenue,3700,2 Floors / Single Family Townhouse,Fresh Meadows,Queens
165th Street,4000,Single Family Townhouse,Fresh Meadows,Queens
91st Street,1575,Studio / 1 Bath / Rental,Jackson Heights,Queens
"46-04 Vernon Boulevard, Apt. 3C",4000,2 Beds / 2 Baths / Rental,Long Island City,Queens
71st Avenue,2750,1 Bed / 1 Bath / 810 Sq. Ft. / Condo,Forest Hills,Queens
64th Street,1650,2 Units / 2 Floors / Multi-Family Townhouse,Ridgewood,Queens
78th Street,1600,Studio / 1 Bath / Co-op,Jackson Heights,Queens
Metropolitan Avenue,2375,"2 Beds / 1 Bath / 1,250 Sq. Ft. / Rental",Ridgewood,Queens
Ocean Promenade,1750,1 Bed / 1 Bath / Co-op,Belle Harbor,Queens
Broadway,2475,1 Bed / 1 Bath / Rental,Astoria,Queens
"46-04 Vernon Boulevard, Apt. 3A",3000,1 Bed / 1 Bath / Rental,Long Island City,Queens
94th Street,1895,1 Bed / 1 Bath / 800 Sq. Ft. / Rental,Jackson Heights,Queens
"1711 Himrod Street, Apt. 1R",2450,1 Bed / 1 Bath / Rental,Ridgewood,Queens
Himrod Street,3500,4 Beds / 1 Bath / House,Ridgewood,Queens
67th Drive,3099,"3 Beds / 2 Baths / 1,200 Sq. Ft. / House",Forest Hills,Queens
67th Drive,1700,Studio / 1 Bath / 600 Sq. Ft. / House,Forest Hills,Queens
"68-19 Fresh Pond Road, Apt. 3",2000,2 Beds / 1 Bath / Rental,Ridgewood,Queens
31st Avenue,1795,1 Bed / 1 Bath / 330 Sq. Ft. / Rental,Astoria,Queens
23rd Street,3200,1 Bed / 1 Bath / Rental,Astoria,Queens
47th Street,2400,2 Beds / 1 Bath / Rental,Sunnyside,Queens
Crescent Street,2249,Studio / 1 Bath / Rental,Long Island City,Queens
"46-04 Vernon Boulevard, Apt. 3D",4000,2 Beds / 2 Baths / Rental,Long Island City,Queens
44th Drive,2950,2 Beds / 1 Bath / House,Long Island City,Queens
"46-04 Vernon Boulevard, Apt. 3B",3000,1 Bed / 1 Bath / Rental,Long Island City,Queens
Madison Street,2475,1 Bed / 1 Bath / Rental,Ridgewood,Queens
95th Street,1895,1 Bed / 1 Bath / Rental,Jackson Heights,Queens
Crescent Street,2318,Studio / 1 Bath / Rental,Long Island City,Queens
Crescent Street,1725,Studio / 1 Bath / Rental,Astoria,Queens
"35-09 28th Avenue, Apt. 2G",2295,1 Bed / 1 Bath / 730 Sq. Ft. / Rental,Astoria,Queens
"26-35 14th Street, Apt. 2",3300,"3 Beds / 2 Baths / 1,100 Sq. Ft. / Rental",Astoria,Queens
31-65 35th Street,2500,2 Beds / 1 Bath / 950 Sq. Ft. / House,Astoria,Queens
"23-63 37th Street, Apt. 2",2550,2 Beds / 1 Bath / 900 Sq. Ft. / House,Astoria,Queens
"109-20 Queens Boulevard, Apt. 5",2300,1 Bed / 1 Bath / 800 Sq. Ft. / Rental,Forest Hills,Queens
"25-44 Crescent Street, Apt. 5C",1900,1 Bed / 1 Bath / 600 Sq. Ft. / Rental,Astoria,Queens
"30-26 31st Street, Apt. 1R",2150,2 Beds / 1 Bath / 900 Sq. Ft. / Rental,Astoria,Queens
"31-57 31st Street, Apt. 6226",3800,2 Beds / 1 Bath / Rental,Astoria,Queens
"25-77 36th Street, Apt. 2A",2545,1 Bed / 1 Bath / 650 Sq. Ft. / Rental,Astoria,Queens
"25-77 36th Street, Apt. 2B",2545,1 Bed / 1 Bath / 650 Sq. Ft. / Rental,Astoria,Queens
"25-77 36th Street, Apt. 3B",2655,1 Bed / 1 Bath / 650 Sq. Ft. / Rental,Astoria,Queens
"30-44 32nd Street, Apt. A3",1875,1 Bed / 1 Bath / 700 Sq. Ft. / Rental,Astoria,Queens
"18-15 25th Road, Apt. 3",3300,"3 Beds / 2 Baths / 1,000 Sq. Ft. / Rental",Astoria,Queens
22-44 29th Street,2400,2 Beds / 1 Bath / House,Long Island City,Queens
"35-09 28th Avenue, Apt. 2F",2200,1 Bed / 1 Bath / 730 Sq. Ft. / Rental,Astoria,Queens
"3172 31st Street, Apt. 3",2450,2 Beds / 1 Bath / Rental,Astoria,Queens
"31-15 21st Avenue, Apt. 2d",1825,1 Bed / 1 Bath / Rental,Astoria,Queens
"25-77 36th Street, Apt. 3A",2655,1 Bed / 1 Bath / 650 Sq. Ft. / Rental,Astoria,Queens
"22-21 42nd Street, Apt. 2nd",2400,2 Units / 800 Sq. Ft. / Multi-Family Townhouse,Astoria,Queens
94th Street,1500,Studio / 1 Bath / Rental,Jackson Heights,Queens
41ST Street,2000,1 Bed / 1 Bath / Condo/Co-op,Astoria,Queens
Welling Court,2865,1 Bed / 1 Bath / Rental,Astoria,Queens
51st Avenue,3300,1 Bed / 1 Bath / 696 Sq. Ft. / Condo,Long Island City,Queens
47th Street,2200,2 Beds / 1 Bath / 750 Sq. Ft. / Rental,Astoria,Queens
44th Drive,2999,1 Bed / 1 Bath / 646 Sq. Ft. / Condo,Long Island City,Queens
21-67 35th Street,3000,"2 Beds / 1 Bath / 1,000 Sq. Ft. / House",Astoria,Queens
Center Boulevard,3300,1 Bed / 1 Bath / 700 Sq. Ft. / Rental,Long Island City,Queens
"27-16 41st Avenue, Apt. 4C",2100,Studio / 1 Bath / 557 Sq. Ft. / Condo,Long Island City,Queens
39TH Place,1950,1 Bed / 1 Bath / 749 Sq. Ft. / Condo/Co-op,Sunnyside,Queens
40th Road,2600,1 Bed / 1 Bath / 690 Sq. Ft. / Condo,Flushing,Queens
42nd Street,1700,1 Bed / 1 Bath / Rental,Astoria,Queens
"26-22 18th Street, Apt. 2",2100,2 Beds / 1 Bath / 900 Sq. Ft. / Rental,Astoria,Queens
Purves Street,2446,Studio / 1 Bath / Rental,Long Island City,Queens
"25-16 18th Street, Apt. 7R",1900,1 Bed / 1 Bath / 750 Sq. Ft. / Rental,Astoria,Queens
51st Avenue,4400,"2 Beds / 2 Baths / 1,009 Sq. Ft. / Condo",Long Island City,Queens
28th Street,2200,1 Bed / 1 Bath / 650 Sq. Ft. / Rental,Astoria,Queens
"21-39 Steinway Street, Apt. 1",2400,"2 Beds / 1 Bath / 1,000 Sq. Ft. / Rental",Astoria,Queens
31st Avenue,1895,1 Bed / 1 Bath / Rental,Astoria,Queens
Central Avenue,2125,3 Beds / 1 Bath / Rental,Ridgewood,Queens
Madison Street,2785,3 Beds / 2 Baths / Rental,Ridgewood,Queens
"20-18 33rd Street, Apt. 1st FL",2200,2 Beds / 1 Bath / 850 Sq. Ft. / Rental,Astoria,Queens
"20-48 35th Street, Apt. 2nd FL",2800,3 Beds / 1 Bath / 950 Sq. Ft. / House,Astoria,Queens
"25-33 36th Street, Apt. 3F",2600,2 Beds / 1 Bath / 900 Sq. Ft. / Rental,Astoria,Queens
Putnam Avenue,1799,2 Beds / 1 Bath / Rental,Ridgewood,Queens
SENECA Avenue,2700,2 Beds / 2 Baths / Rental,Ridgewood,Queens
51st Avenue,3050,1 Bed / 1 Bath / 671 Sq. Ft. / Condo,Long Island City,Queens
"27-10 Newtown Avenue, Apt. C4",2400,1 Bed / 1 Bath / 750 Sq. Ft. / Rental,Astoria,Queens
"41-32 44th Street, Apt. 3A",2150,1 Bed / 1 Bath / 600 Sq. Ft. / Condo,Sunnyside,Queens
"43-18 39th Place, Apt. 41",2200,40 Units / 4 Floors / Multi-Family Townhouse,Sunnyside,Queens
Madison Street,2000,2 Beds / 1 Bath / Rental,Ridgewood,Queens
73rd Street,2798,2 Beds / 2 Baths / 850 Sq. Ft. / Rental,Jackson Heights,Queens
Onderdonk Avenue,2100,2 Beds / 1 Bath / House,Ridgewood,Queens
73rd Street,2612,2 Beds / 2 Baths / 829 Sq. Ft. / Rental,Jackson Heights,Queens
PETTIT Avenue,2799,"3 Beds / 2 Baths / 1,300 Sq. Ft. / Rental",Elmhurst,Queens
31st Street,2756,1 Bed / 1 Bath / Rental,Astoria,Queens
82nd Street,2700,3 Beds / 1 Bath / 976 Sq. Ft. / Rental,Jackson Heights,Queens
Broadway,3209,2 Beds / 2 Baths / Rental,Astoria,Queens
29th Street,2375,1 Bed / 1 Bath / Rental,Astoria,Queens
35th Street,2500,2 Beds / 1 Bath / Condo/Co-op,Astoria,Queens
Jackson Avenue,4796,3 Beds / 2 Baths / Rental,Long Island City,Queens
"43-18 39th Place, Apt. 28",2200,40 Units / 4 Floors / Multi-Family Townhouse,Sunnyside,Queens
Madison Street,3000,3 Beds / 2 Baths / Rental,Ridgewood,Queens
94th Street,1500,Studio / 1 Bath / Rental,Jackson Heights,Queens
Purves Street,2498,Studio / 1 Bath / Rental,Long Island City,Queens
Palmetto Street,2380,Multi-Family Townhouse,Ridgewood,Queens
Onderdonk Avenue,2135,2 Beds / 1 Bath / House,Ridgewood,Queens
35TH Street,2000,2 Beds / 1 Bath / Rental,Astoria,Queens
48th Street,2765,2 Beds / 2 Baths / 800 Sq. Ft. / Rental,Astoria,Queens
"72-39 61ST Street, Apt. 2",2600,2 Beds / 1 Bath / 900 Sq. Ft. / Rental,Ridgewood,Queens
11th Street,2745,1 Bed / 1 Bath / Rental,Long Island City,Queens
71st Avenue,2050,2 Beds / 1 Bath / Condo,Ridgewood,Queens
24th Street,2361,Studio / 1 Bath / Rental,Long Island City,Queens
Onderdonk Avenue,2135,2 Beds / 1 Bath / House,Ridgewood,Queens
Onderdonk Avenue,2135,2 Beds / 1 Bath / House,Ridgewood,Queens
MENAHAN Street,1800,1 Bed / 1 Bath / Rental,Ridgewood,Queens
BLEECKER Street,1900,1 Bed / 1 Bath / Rental,Ridgewood,Queens
73rd Street,2681,2 Beds / 2 Baths / 829 Sq. Ft. / Rental,Jackson Heights,Queens
Onderdonk Avenue,2265,2 Beds / 1 Bath / House,Ridgewood,Queens
"43-18 39th Place, Apt. 49",1695,40 Units / 4 Floors / Multi-Family Townhouse,Sunnyside,Queens
Bleecker Street,1900,"2 Beds / 1 Bath / 1,140 Sq. Ft. / Condo",Ridgewood,Queens
38th Street,2600,3 Beds / 1 Bath / Rental,Astoria,Queens
Metropolitan Avenue,2000,1 Bed / 1 Bath / Rental,Ridgewood,Queens
Metropolitan Avenue,2200,2 Beds / 1 Bath / Rental,Ridgewood,Queens
Metropolitan Avenue,2250,3 Units / 3 Floors / Multi-Family Townhouse,Ridgewood,Queens
Metropolitan Avenue,2200,1 Bed / 1 Bath / Rental,Ridgewood,Queens
24th Avenue,2200,Studio / 1 Bath / Rental,Astoria,Queens
24th Avenue,3300,1 Bed / 1 Bath / Rental,Astoria,Queens
24th Avenue,3300,1 Bed / 2 Baths / Rental,Astoria,Queens
24th Avenue,3520,1 Bed / 1 Bath / Rental,Astoria,Queens
Astoria Boulevard,2500,2 Beds / 1 Bath / Rental,Astoria,Queens
24th Avenue,2200,Studio / 1 Bath / Rental,Astoria,Queens
24th Avenue,3960,2 Beds / 1 Bath / Rental,Astoria,Queens
24th Avenue,3000,1 Bed / 1 Bath / Rental,Astoria,Queens
24th Avenue,2000,Studio / 1 Bath / Rental,Astoria,Queens
BURNS Street,4100,3 Beds / 2 Baths / Condo/Co-op,Forest Hills,Queens
27th Street,2400,1 Bed / 1 Bath / 561 Sq. Ft. / Condo/Co-op,Long Island City,Queens
11th Street,2985,1 Bed / 1 Bath / Rental,Long Island City,Queens
11th Street,2900,1 Bed / 1 Bath / Rental,Long Island City,Queens
73rd Street,3208,3 Beds / 2 Baths / Rental,Jackson Heights,Queens
33RD Street,1800,1 Bed / Condo/Co-op,Astoria,Queens
Hunter Street,2600,1 Bed / 1 Bath / 575 Sq. Ft. / Condo,Long Island City,Queens
Grove Street,3164,3 Beds / 2 Baths / Rental,Ridgewood,Queens
Grove Street,3437,3 Beds / 2 Baths / Rental,Ridgewood,Queens
33rd Street,2500,2 Beds / 1 Bath / House,Astoria,Queens
Grove Street,3164,3 Beds / 2 Baths / Rental,Ridgewood,Queens
"1064 CYPRESS Avenue, Apt. 1",3500,"3 Beds / 1 Bath / 1,100 Sq. Ft. / Rental",Ridgewood,Queens
"25-60 45th Street, Apt. 3F",1900,1 Bed / 1 Bath / 650 Sq. Ft. / Rental,Astoria,Queens
38th Street,2650,"3 Beds / 1 Bath / 1,100 Sq. Ft. / Rental",Astoria,Queens
Grove Street,3436,3 Beds / 2 Baths / Rental,Ridgewood,Queens
Linden Street,2600,3 Beds / 1 Bath / Rental,Ridgewood,Queens
"6612 YELLOWSTONE Boulevard, Apt. 6O",1650,Studio / 1 Bath / 425 Sq. Ft. / Rental,Forest Hills,Queens
"103-44 68th Avenue, Apt. B",2795,"2 Beds / 2 Baths / 1,300 Sq. Ft. / Rental",Forest Hills,Queens
"31-61 37th Street, Apt. 1F",3000,Studio / 1 Bath / 653 Sq. Ft. / Rental,Astoria,Queens
56-31 30th Avenue,2195,875 Sq. Ft. / Single Family Townhouse,Woodside,Queens
35th Street,3700,4 Beds / 2 Baths / Rental,Astoria,Queens
35th Street,2200,1 Bed / 1 Bath / House,Astoria,Queens
"21-11 21st Road, Apt. 1F",1795,1 Bed / 1 Bath / House,Astoria,Queens
"25-33 36th Street, Apt. 3",2600,2 Beds / 1 Bath / 900 Sq. Ft. / Rental,Astoria,Queens
"21-16 31st Avenue, Apt. 3B",2750,1 Bed / 1 Bath / 710 Sq. Ft. / Rental,Astoria,Queens
"21-16 31st Avenue, Apt. 5C",2850,1 Bed / 1 Bath / 710 Sq. Ft. / Rental,Astoria,Queens
36th Street,1950,1 Bed / 1 Bath / 700 Sq. Ft. / House,Astoria,Queens
"30-39 34th Street, Apt. 1B",1770,1 Bed / 1 Bath / 600 Sq. Ft. / Rental,Astoria,Queens
21st Avenue,3190,2 Beds / 2 Baths / 877 Sq. Ft. / Condo,Astoria,Queens